<?xml version="1.0" encoding="UTF-8" standalone="yes"?>
<manifest>
  <control namespace="mohammad" constructor="d365notesfilepreview" version="1.0.1" display-name-key="d365notesfilepreview" description-key="d365notesfilepreview description" control-type="standard" api-version="1.3.4">
    <external-service-usage enabled="false"/>
    <property name="attachmentString" display-name-key="Attachment String Property" description-key="The underlying text field" of-type="SingleLine.Text" usage="bound" required="true"/>
    <resources>
      <code path="bundle.js" order="1"/>
      <css path="css/d365notesfilepreview.css" order="1"/>
      <resx path="strings/d365notesfilepreview.1033.resx" version="1.0.0"/>
    </resources>
    <feature-usage>
      <uses-feature name="Device.pickFile" required="true"/>
      <uses-feature name="Utility" required="true"/>
      <uses-feature name="WebAPI" required="true"/>
      <uses-feature name="WebAPI.retrieveMultipleRecords" required="true"/>
      <uses-feature name="WebAPI.retrieveRecord" required="true"/>
    </feature-usage>
    <built-by name="pac" version="1.17.5"/>
  </control>
</manifest>